-- --------------------------------------------------------
-- Host:                         127.0.0.1
-- Server version:               10.1.34-MariaDB - mariadb.org binary distribution
-- Server OS:                    Win32
-- HeidiSQL Version:             9.5.0.5196
-- --------------------------------------------------------

/*!40101 SET @OLD_CHARACTER_SET_CLIENT=@@CHARACTER_SET_CLIENT */;
/*!40101 SET NAMES utf8 */;
/*!50503 SET NAMES utf8mb4 */;
/*!40014 SET @OLD_FOREIGN_KEY_CHECKS=@@FOREIGN_KEY_CHECKS, FOREIGN_KEY_CHECKS=0 */;
/*!40101 SET @OLD_SQL_MODE=@@SQL_MODE, SQL_MODE='NO_AUTO_VALUE_ON_ZERO' */;

-- Dumping structure for table tp_prog3_gallo.caja
CREATE TABLE IF NOT EXISTS `caja` (
  `id` int(11) NOT NULL AUTO_INCREMENT,
  `empleado` varchar(50) COLLATE utf8_spanish2_ci NOT NULL,
  `fecha` date NOT NULL,
  `mesa` int(11) NOT NULL,
  `cliente` varchar(50) COLLATE utf8_spanish2_ci NOT NULL,
  `codigoPedido` varchar(30) COLLATE utf8_spanish2_ci NOT NULL,
  `importe` float NOT NULL,
  `estado` varchar(30) COLLATE utf8_spanish2_ci NOT NULL,
  PRIMARY KEY (`id`)
) ENGINE=InnoDB AUTO_INCREMENT=1008 DEFAULT CHARSET=utf8 COLLATE=utf8_spanish2_ci;

-- Dumping data for table tp_prog3_gallo.caja: ~8 rows (approximately)
/*!40000 ALTER TABLE `caja` DISABLE KEYS */;
INSERT INTO `caja` (`id`, `empleado`, `fecha`, `mesa`, `cliente`, `codigoPedido`, `importe`, `estado`) VALUES
	(1000, 'admin', '2018-11-09', 4, 'leandro', '4UPBW', 1100, 'ok'),
	(1001, 'admin', '2018-11-09', 9, 'Rodolfo', '9UWBP', 200, 'ok'),
	(1002, 'admin', '2018-11-10', 6, 'Juan Perez', 'B9PL8', 300, 'ok'),
	(1003, 'admin', '2018-11-10', 4, 'Juan Pelotas', '4UPBW', 180, 'ok'),
	(1004, 'admin', '2018-11-10', 4, 'Juan Pelotas', '4UPBW', 180, 'ok'),
	(1005, 'admin', '2018-11-10', 4, 'Juan Pelotas', '4UPBW', 180, 'ok'),
	(1006, 'admin', '2018-11-10', 4, 'Juan Pelotas', '4UPBW', 180, 'ok'),
	(1007, 'admin', '2018-11-10', 4, 'Juan Pelotas', '4UPBW', 180, 'ok');
/*!40000 ALTER TABLE `caja` ENABLE KEYS */;

-- Dumping structure for table tp_prog3_gallo.carta
CREATE TABLE IF NOT EXISTS `carta` (
  `id` int(11) NOT NULL AUTO_INCREMENT,
  `descripcion` varchar(50) COLLATE utf8_spanish2_ci NOT NULL,
  `precio` float NOT NULL,
  `sector` varchar(30) COLLATE utf8_spanish2_ci NOT NULL,
  PRIMARY KEY (`descripcion`),
  KEY `id` (`id`)
) ENGINE=InnoDB AUTO_INCREMENT=305 DEFAULT CHARSET=utf8 COLLATE=utf8_spanish2_ci;

-- Dumping data for table tp_prog3_gallo.carta: ~15 rows (approximately)
/*!40000 ALTER TABLE `carta` DISABLE KEYS */;
INSERT INTO `carta` (`id`, `descripcion`, `precio`, `sector`) VALUES
	(303, '1/2 pinta', 80, 'cerveceros'),
	(203, 'agua', 70, 'bartender'),
	(204, 'aperitivo', 150, 'bartender'),
	(100, 'asado', 250, 'cocineros'),
	(301, 'chop', 150, 'cerveceros'),
	(103, 'churrasco', 120, 'cocineros'),
	(201, 'gaseosa', 100, 'bartender'),
	(104, 'hamburguesa', 90, 'cocineros'),
	(300, 'jarra', 200, 'cerveceros'),
	(304, 'lata', 70, 'cerveceros'),
	(101, 'milanesa', 80, 'cocineros'),
	(302, 'pinta', 120, 'cerveceros'),
	(102, 'revioles', 100, 'cocineros'),
	(202, 'soda', 80, 'bartender'),
	(200, 'vino', 300, 'bartender');
/*!40000 ALTER TABLE `carta` ENABLE KEYS */;

-- Dumping structure for table tp_prog3_gallo.empleados
CREATE TABLE IF NOT EXISTS `empleados` (
  `id` int(11) NOT NULL AUTO_INCREMENT,
  `nombre` varchar(50) COLLATE utf8_spanish2_ci NOT NULL,
  `tipo` varchar(50) COLLATE utf8_spanish2_ci NOT NULL,
  `pass` varchar(50) COLLATE utf8_spanish2_ci NOT NULL,
  `estado` varchar(30) COLLATE utf8_spanish2_ci NOT NULL,
  PRIMARY KEY (`nombre`),
  KEY `id` (`id`)
) ENGINE=InnoDB AUTO_INCREMENT=41 DEFAULT CHARSET=utf8 COLLATE=utf8_spanish2_ci;

-- Dumping data for table tp_prog3_gallo.empleados: ~13 rows (approximately)
/*!40000 ALTER TABLE `empleados` DISABLE KEYS */;
INSERT INTO `empleados` (`id`, `nombre`, `tipo`, `pass`, `estado`) VALUES
	(21, 'admin', 'socios', '1234', 'activo'),
	(22, 'admin1', 'socios', '1234', 'activo'),
	(31, 'ag', 'socios', '1234', 'baja'),
	(28, 'aye', 'cocineros', '1234', 'activo'),
	(33, 'bar1', 'bartender', '1234', 'activo'),
	(34, 'bar2', 'bartender', '1234', 'activo'),
	(26, 'carlos', 'cerveceros', '1234', 'activo'),
	(38, 'cerve1', 'cerveceros', '1234', 'activo'),
	(39, 'cerve2', 'cerveceros', '1234', 'activo'),
	(40, 'cerve3', 'cerveceros', '1234', 'activo'),
	(27, 'coco', 'mozos', '1234', 'activo'),
	(35, 'cook1', 'cocineros', '1234', 'activo'),
	(36, 'cook2', 'cocineros', '1234', 'activo'),
	(37, 'cook3', 'cocineros', '1234', 'activo'),
	(30, 'dani', 'cerveceros', '1234', 'activo'),
	(29, 'javi', 'bartender', '1234', 'activo'),
	(25, 'jose', 'bartender', '1234', 'activo'),
	(23, 'leandro', 'cocineros', '1234', 'activo'),
	(32, 'mozo1', 'mozos', '1234', 'activo'),
	(24, 'pepe', 'mozos', '1234', 'activo');
/*!40000 ALTER TABLE `empleados` ENABLE KEYS */;

-- Dumping structure for table tp_prog3_gallo.encuesta
CREATE TABLE IF NOT EXISTS `encuesta` (
  `id` int(11) NOT NULL AUTO_INCREMENT,
  `codigoMesa` varchar(30) COLLATE utf8_spanish2_ci NOT NULL,
  `codigoPedido` varchar(30) COLLATE utf8_spanish2_ci NOT NULL,
  `mesa` int(11) NOT NULL,
  `restaurante` int(11) NOT NULL,
  `mozo` int(11) NOT NULL,
  `cocinero` int(11) NOT NULL,
  `experiencia` varchar(66) COLLATE utf8_spanish2_ci NOT NULL,
  PRIMARY KEY (`id`)
) ENGINE=InnoDB AUTO_INCREMENT=9 DEFAULT CHARSET=utf8 COLLATE=utf8_spanish2_ci;

-- Dumping data for table tp_prog3_gallo.encuesta: ~8 rows (approximately)
/*!40000 ALTER TABLE `encuesta` DISABLE KEYS */;
INSERT INTO `encuesta` (`id`, `codigoMesa`, `codigoPedido`, `mesa`, `restaurante`, `mozo`, `cocinero`, `experiencia`) VALUES
	(1, 'LTOX2', '2BWUP', 8, 8, 8, 8, 'egnerklñgnerqinhqerigheqrnhñlgnerqlñkgnerqgñlknerglñkgnlregnlergnr'),
	(2, 'LTOX2', '2BWUP', 8, 8, 8, 8, 'egnerklñgnerqinhqerigheqrnhñlgnerqlñkgnerqgñlknerglñkgnlregnlergnr'),
	(3, 'LTOX2', '2BWUP', 8, 8, 8, 8, 'egnerklñgnerqinhqerigheqrnhñlgnerqlñkgnerqgñlknerglñkgnlregnlergnr'),
	(4, 'LTOX2', '2BWUP', 8, 8, 8, 5, 'egnerklñgnerqinhqerigheqrnhñlgnerqlñkgnerqgñlknerglñkgnlregnlergnr'),
	(5, 'LTOX2', '2BWUP', 8, 8, 2, 5, 'fddfsfsdfsdfdssdffsddsfsdf'),
	(6, 'LTOX2', '2BWUP', 8, 8, 2, 5, 'fddfsfsdfsdfdssdffsddsfsdf'),
	(7, 'LTOX2', '2BWUP', 8, 8, 2, 5, 'fddfsfsdfsdfdssdffsddsfsdf'),
	(8, 'LTOX2', '2BWUP', 8, 8, 2, 5, 'fddfsfsdfsdfdssdffsddsfsdf');
/*!40000 ALTER TABLE `encuesta` ENABLE KEYS */;

-- Dumping structure for table tp_prog3_gallo.login
CREATE TABLE IF NOT EXISTS `login` (
  `id` int(11) NOT NULL AUTO_INCREMENT,
  `nombre` varchar(50) COLLATE utf8_spanish2_ci NOT NULL,
  `idEmpleado` int(11) NOT NULL,
  `tipo` varchar(50) COLLATE utf8_spanish2_ci NOT NULL,
  `metodo` varchar(50) COLLATE utf8_spanish2_ci NOT NULL,
  `ruta` varchar(50) COLLATE utf8_spanish2_ci NOT NULL,
  `fechaYHora` datetime NOT NULL DEFAULT CURRENT_TIMESTAMP,
  PRIMARY KEY (`id`)
) ENGINE=InnoDB AUTO_INCREMENT=381 DEFAULT CHARSET=utf8 COLLATE=utf8_spanish2_ci;

-- Dumping data for table tp_prog3_gallo.login: ~205 rows (approximately)
/*!40000 ALTER TABLE `login` DISABLE KEYS */;
INSERT INTO `login` (`id`, `nombre`, `idEmpleado`, `tipo`, `metodo`, `ruta`, `fechaYHora`) VALUES
	(102, 'admin', 21, 'socios', 'GET', '/03_ProgramacionIII/TP/Comanda_GALLO/empleados', '2018-11-26 00:00:00'),
	(103, 'admin', 21, 'socios', 'GET', '/03_ProgramacionIII/TP/Comanda_GALLO/empleados', '2018-11-26 00:00:00'),
	(104, 'admin', 21, 'socios', 'GET', '/03_ProgramacionIII/TP/Comanda_GALLO/empleados', '2018-11-26 00:00:00'),
	(105, 'admin', 21, 'socios', 'GET', '/03_ProgramacionIII/TP/Comanda_GALLO/empleados', '2018-11-26 00:25:59'),
	(106, 'admin', 21, 'socios', 'GET', '/03_ProgramacionIII/TP/Comanda_GALLO/empleados', '2018-11-26 00:26:52'),
	(107, 'admin', 21, 'socios', 'POST', '/03_ProgramacionIII/TP/Comanda_GALLO/empleados', '2018-11-26 00:39:33'),
	(108, 'admin', 21, 'socios', 'POST', '/03_ProgramacionIII/TP/Comanda_GALLO/empleados', '2018-11-26 00:39:48'),
	(109, 'admin', 21, 'socios', 'POST', '/03_ProgramacionIII/TP/Comanda_GALLO/empleados', '2018-11-26 00:40:45'),
	(110, 'admin', 21, 'socios', 'POST', '/03_ProgramacionIII/TP/Comanda_GALLO/empleados', '2018-11-26 00:49:13'),
	(111, 'admin', 21, 'socios', 'POST', '/03_ProgramacionIII/TP/Comanda_GALLO/empleados', '2018-11-26 00:49:29'),
	(112, 'admin', 21, 'socios', 'DELETE', '/03_ProgramacionIII/TP/Comanda_GALLO/empleados', '2018-11-26 00:58:22'),
	(113, 'admin', 21, 'socios', 'DELETE', '/03_ProgramacionIII/TP/Comanda_GALLO/empleados', '2018-11-26 00:59:42'),
	(114, 'admin', 21, 'socios', 'DELETE', '/03_ProgramacionIII/TP/Comanda_GALLO/empleados', '2018-11-26 01:00:35'),
	(115, 'admin', 21, 'socios', 'DELETE', '/03_ProgramacionIII/TP/Comanda_GALLO/empleados', '2018-11-26 01:01:47'),
	(116, 'admin', 21, 'socios', 'DELETE', '/03_ProgramacionIII/TP/Comanda_GALLO/empleados', '2018-11-26 01:03:09'),
	(117, 'admin', 21, 'socios', 'DELETE', '/03_ProgramacionIII/TP/Comanda_GALLO/empleados', '2018-11-26 01:03:49'),
	(118, 'admin', 21, 'socios', 'DELETE', '/03_ProgramacionIII/TP/Comanda_GALLO/empleados', '2018-11-26 01:04:44'),
	(119, 'admin', 21, 'socios', 'DELETE', '/03_ProgramacionIII/TP/Comanda_GALLO/empleados', '2018-11-26 01:06:21'),
	(120, 'admin', 21, 'socios', 'DELETE', '/03_ProgramacionIII/TP/Comanda_GALLO/empleados', '2018-11-26 01:06:55'),
	(121, 'admin', 21, 'socios', 'POST', '/03_ProgramacionIII/TP/Comanda_GALLO/empleados/del', '2018-11-26 01:15:03'),
	(122, 'admin', 21, 'socios', 'POST', '/03_ProgramacionIII/TP/Comanda_GALLO/empleados/del', '2018-11-26 01:17:51'),
	(123, 'admin', 21, 'socios', 'POST', '/03_ProgramacionIII/TP/Comanda_GALLO/empleados/del', '2018-11-26 01:18:54'),
	(124, 'admin', 21, 'socios', 'POST', '/03_ProgramacionIII/TP/Comanda_GALLO/empleados/del', '2018-11-26 01:19:35'),
	(125, 'admin', 21, 'socios', 'POST', '/03_ProgramacionIII/TP/Comanda_GALLO/empleados/del', '2018-11-26 01:22:33'),
	(126, 'admin', 21, 'socios', 'POST', '/03_ProgramacionIII/TP/Comanda_GALLO/empleados/del', '2018-11-26 01:23:11'),
	(127, 'admin', 21, 'socios', 'POST', '/03_ProgramacionIII/TP/Comanda_GALLO/empleados/del', '2018-11-26 01:24:19'),
	(128, 'admin', 21, 'socios', 'POST', '/03_ProgramacionIII/TP/Comanda_GALLO/empleados/del', '2018-11-26 01:24:39'),
	(129, 'admin', 21, 'socios', 'POST', '/03_ProgramacionIII/TP/Comanda_GALLO/empleados/del', '2018-11-26 01:26:38'),
	(130, 'admin', 21, 'socios', 'POST', '/03_ProgramacionIII/TP/Comanda_GALLO/empleados/del', '2018-11-26 01:28:21'),
	(131, 'admin', 21, 'socios', 'POST', '/03_ProgramacionIII/TP/Comanda_GALLO/empleados/del', '2018-11-26 01:29:00'),
	(132, 'admin', 21, 'socios', 'POST', '/03_ProgramacionIII/TP/Comanda_GALLO/empleados/del', '2018-11-26 01:30:41'),
	(133, 'admin', 21, 'socios', 'POST', '/03_ProgramacionIII/TP/Comanda_GALLO/empleados/del', '2018-11-26 01:31:05'),
	(134, 'admin', 21, 'socios', 'PUT', '/03_ProgramacionIII/TP/Comanda_GALLO/empleados', '2018-11-26 01:41:32'),
	(135, 'admin', 21, 'socios', 'PUT', '/03_ProgramacionIII/TP/Comanda_GALLO/empleados', '2018-11-26 01:42:28'),
	(136, 'admin', 21, 'socios', 'PUT', '/03_ProgramacionIII/TP/Comanda_GALLO/empleados', '2018-11-26 01:42:54'),
	(137, 'admin', 21, 'socios', 'PUT', '/03_ProgramacionIII/TP/Comanda_GALLO/empleados', '2018-11-26 01:54:04'),
	(138, 'admin', 21, 'socios', 'PUT', '/03_ProgramacionIII/TP/Comanda_GALLO/empleados', '2018-11-26 01:54:47'),
	(139, 'admin', 21, 'socios', 'PUT', '/03_ProgramacionIII/TP/Comanda_GALLO/empleados', '2018-11-26 01:55:03'),
	(140, 'admin', 21, 'socios', 'POST', '/03_ProgramacionIII/TP/Comanda_GALLO/empleados/mod', '2018-11-26 01:58:19'),
	(141, 'admin', 21, 'socios', 'POST', '/03_ProgramacionIII/TP/Comanda_GALLO/empleados/mod', '2018-11-26 01:59:48'),
	(142, 'admin', 21, 'socios', 'POST', '/03_ProgramacionIII/TP/Comanda_GALLO/empleados/mod', '2018-11-26 02:03:16'),
	(143, 'admin', 21, 'socios', 'POST', '/03_ProgramacionIII/TP/Comanda_GALLO/empleados/mod', '2018-11-26 02:04:54'),
	(144, 'admin', 21, 'socios', 'POST', '/03_ProgramacionIII/TP/Comanda_GALLO/empleados/mod', '2018-11-26 02:05:19'),
	(145, 'admin', 21, 'socios', 'POST', '/03_ProgramacionIII/TP/Comanda_GALLO/empleados/mod', '2018-11-26 02:05:41'),
	(146, 'admin', 21, 'socios', 'POST', '/03_ProgramacionIII/TP/Comanda_GALLO/empleados/mod', '2018-11-26 02:06:14'),
	(147, 'admin', 21, 'socios', 'POST', '/03_ProgramacionIII/TP/Comanda_GALLO/empleados', '2018-11-26 02:30:45'),
	(148, 'admin', 21, 'socios', 'POST', '/03_ProgramacionIII/TP/Comanda_GALLO/empleados', '2018-11-26 02:31:45'),
	(149, 'admin', 21, 'socios', 'POST', '/03_ProgramacionIII/TP/Comanda_GALLO/empleados/mod', '2018-11-26 02:32:03'),
	(150, 'admin', 21, 'socios', 'GET', '/03_ProgramacionIII/TP/Comanda_GALLO/login/admin', '2018-11-26 02:32:55'),
	(151, 'admin', 21, 'socios', 'GET', '/03_ProgramacionIII/TP/Comanda_GALLO/login/admin', '2018-11-26 02:33:55'),
	(152, 'admin', 21, 'socios', 'GET', '/03_ProgramacionIII/TP/Comanda_GALLO/login/admin', '2018-11-26 02:36:21'),
	(153, 'admin', 21, 'socios', 'GET', '/03_ProgramacionIII/TP/Comanda_GALLO/login/admin', '2018-11-26 02:36:43'),
	(154, 'admin', 21, 'socios', 'GET', '/03_ProgramacionIII/TP/Comanda_GALLO/login/admin', '2018-11-26 02:38:00'),
	(155, 'admin', 21, 'socios', 'GET', '/03_ProgramacionIII/TP/Comanda_GALLO/login/admin', '2018-11-26 02:38:56'),
	(156, 'admin', 21, 'socios', 'GET', '/03_ProgramacionIII/TP/Comanda_GALLO/login/admin', '2018-11-26 02:39:16'),
	(157, 'admin', 21, 'socios', 'GET', '/03_ProgramacionIII/TP/Comanda_GALLO/login/admin', '2018-11-26 02:39:58'),
	(158, 'admin', 21, 'socios', 'GET', '/03_ProgramacionIII/TP/Comanda_GALLO/login/admin', '2018-11-26 02:40:37'),
	(159, 'admin', 21, 'socios', 'GET', '/03_ProgramacionIII/TP/Comanda_GALLO/login/admin', '2018-11-26 02:40:53'),
	(160, 'admin', 21, 'socios', 'GET', '/03_ProgramacionIII/TP/Comanda_GALLO/login/admin', '2018-11-26 02:41:07'),
	(161, 'admin', 21, 'socios', 'GET', '/03_ProgramacionIII/TP/Comanda_GALLO/login/admin', '2018-11-26 02:42:09'),
	(162, 'admin', 21, 'socios', 'GET', '/03_ProgramacionIII/TP/Comanda_GALLO/login/admin', '2018-11-26 02:43:16'),
	(163, 'admin', 21, 'socios', 'GET', '/03_ProgramacionIII/TP/Comanda_GALLO/login/admin', '2018-11-26 02:47:43'),
	(164, 'admin', 21, 'socios', 'GET', '/03_ProgramacionIII/TP/Comanda_GALLO/login/admin', '2018-11-26 13:50:20'),
	(165, 'admin', 21, 'socios', 'GET', '/03_ProgramacionIII/TP/Comanda_GALLO/login/admin', '2018-11-26 13:53:04'),
	(166, 'admin', 21, 'socios', 'GET', '/03_ProgramacionIII/TP/Comanda_GALLO/login/admin', '2018-11-26 13:53:21'),
	(167, 'admin', 21, 'socios', 'GET', '/03_ProgramacionIII/TP/Comanda_GALLO/login/admin', '2018-11-26 13:54:10'),
	(168, 'admin', 21, 'socios', 'GET', '/03_ProgramacionIII/TP/Comanda_GALLO/login/admin', '2018-11-26 13:54:17'),
	(169, 'admin', 21, 'socios', 'GET', '/03_ProgramacionIII/TP/Comanda_GALLO/login/admin', '2018-11-26 13:55:34'),
	(170, 'admin', 21, 'socios', 'GET', '/03_ProgramacionIII/TP/Comanda_GALLO/login/admin', '2018-11-26 13:56:00'),
	(171, 'admin', 21, 'socios', 'GET', '/03_ProgramacionIII/TP/Comanda_GALLO/login/admin', '2018-11-26 14:29:23'),
	(172, 'admin', 21, 'socios', 'GET', '/03_ProgramacionIII/TP/Comanda_GALLO/login/sector', '2018-11-26 14:29:30'),
	(173, 'admin', 21, 'socios', 'GET', '/03_ProgramacionIII/TP/Comanda_GALLO/login/sector', '2018-11-26 14:30:05'),
	(174, 'admin', 21, 'socios', 'GET', '/03_ProgramacionIII/TP/Comanda_GALLO/login/sector', '2018-11-26 14:31:57'),
	(175, 'admin', 21, 'socios', 'POST', '/03_ProgramacionIII/TP/Comanda_GALLO/login/sector', '2018-11-26 14:32:27'),
	(176, 'admin', 21, 'socios', 'POST', '/03_ProgramacionIII/TP/Comanda_GALLO/login/emplead', '2018-11-26 14:33:02'),
	(177, 'admin', 21, 'socios', 'POST', '/03_ProgramacionIII/TP/Comanda_GALLO/login/emplead', '2018-11-26 14:33:30'),
	(178, 'coco', 27, 'mozos', 'POST', '/03_ProgramacionIII/TP/Comanda_GALLO/mesas', '2018-11-27 00:04:39'),
	(179, 'coco', 27, 'mozos', 'POST', '/03_ProgramacionIII/TP/Comanda_GALLO/mesas', '2018-11-27 00:05:02'),
	(180, 'coco', 27, 'mozos', 'POST', '/03_ProgramacionIII/TP/Comanda_GALLO/mesas', '2018-11-27 00:11:21'),
	(181, 'coco', 27, 'mozos', 'POST', '/03_ProgramacionIII/TP/Comanda_GALLO/mesas', '2018-11-27 00:11:34'),
	(182, 'coco', 27, 'mozos', 'POST', '/03_ProgramacionIII/TP/Comanda_GALLO/mesas', '2018-11-27 00:11:37'),
	(183, 'coco', 27, 'mozos', 'POST', '/03_ProgramacionIII/TP/Comanda_GALLO/mesas', '2018-11-27 00:11:42'),
	(184, 'coco', 27, 'mozos', 'POST', '/03_ProgramacionIII/TP/Comanda_GALLO/mesas', '2018-11-27 00:11:54'),
	(185, 'coco', 27, 'mozos', 'POST', '/03_ProgramacionIII/TP/Comanda_GALLO/mesas', '2018-11-27 00:11:58'),
	(186, 'coco', 27, 'mozos', 'POST', '/03_ProgramacionIII/TP/Comanda_GALLO/mesas', '2018-11-27 00:12:01'),
	(187, 'coco', 27, 'mozos', 'POST', '/03_ProgramacionIII/TP/Comanda_GALLO/mesas', '2018-11-27 00:12:29'),
	(188, 'coco', 27, 'mozos', 'GET', '/03_ProgramacionIII/TP/Comanda_GALLO/mesas', '2018-11-27 00:14:49'),
	(189, 'coco', 27, 'mozos', 'GET', '/03_ProgramacionIII/TP/Comanda_GALLO/mesas', '2018-11-27 00:15:34'),
	(190, 'coco', 27, 'mozos', 'POST', '/03_ProgramacionIII/TP/Comanda_GALLO/mesas/del', '2018-11-27 00:18:34'),
	(191, 'coco', 27, 'mozos', 'POST', '/03_ProgramacionIII/TP/Comanda_GALLO/mesas/del', '2018-11-27 00:18:42'),
	(192, 'coco', 27, 'mozos', 'POST', '/03_ProgramacionIII/TP/Comanda_GALLO/mesas/mod', '2018-11-27 00:19:44'),
	(193, 'coco', 27, 'mozos', 'POST', '/03_ProgramacionIII/TP/Comanda_GALLO/mesas/mod', '2018-11-27 00:23:20'),
	(194, 'coco', 27, 'mozos', 'POST', '/03_ProgramacionIII/TP/Comanda_GALLO/mesas/mod', '2018-11-27 00:33:05'),
	(195, 'coco', 27, 'mozos', 'POST', '/03_ProgramacionIII/TP/Comanda_GALLO/mesas/mod', '2018-11-27 00:41:26'),
	(196, 'coco', 27, 'mozos', 'POST', '/03_ProgramacionIII/TP/Comanda_GALLO/mesas/mod', '2018-11-27 00:41:41'),
	(197, 'coco', 27, 'mozos', 'POST', '/03_ProgramacionIII/TP/Comanda_GALLO/mesas/mod', '2018-11-27 00:42:34'),
	(198, 'coco', 27, 'mozos', 'POST', '/03_ProgramacionIII/TP/Comanda_GALLO/mesas/mod', '2018-11-27 00:42:52'),
	(199, 'coco', 27, 'mozos', 'POST', '/03_ProgramacionIII/TP/Comanda_GALLO/mesas/mod', '2018-11-27 00:43:52'),
	(200, 'coco', 27, 'mozos', 'POST', '/03_ProgramacionIII/TP/Comanda_GALLO/mesas/mod', '2018-11-27 00:44:02'),
	(201, 'coco', 27, 'mozos', 'POST', '/03_ProgramacionIII/TP/Comanda_GALLO/mesas/mod', '2018-11-27 00:44:30'),
	(202, 'coco', 27, 'mozos', 'POST', '/03_ProgramacionIII/TP/Comanda_GALLO/mesas/mod', '2018-11-27 00:46:09'),
	(203, 'coco', 27, 'mozos', 'POST', '/03_ProgramacionIII/TP/Comanda_GALLO/mesas/mod', '2018-11-27 00:46:28'),
	(204, 'coco', 27, 'mozos', 'POST', '/03_ProgramacionIII/TP/Comanda_GALLO/mesas/mod', '2018-11-27 00:48:18'),
	(205, 'coco', 27, 'mozos', 'POST', '/03_ProgramacionIII/TP/Comanda_GALLO/mesas/mod', '2018-11-27 00:52:05'),
	(206, 'coco', 27, 'mozos', 'POST', '/03_ProgramacionIII/TP/Comanda_GALLO/mesas/mod', '2018-11-27 00:52:22'),
	(207, 'coco', 27, 'mozos', 'POST', '/03_ProgramacionIII/TP/Comanda_GALLO/mesas/mod', '2018-11-27 00:53:35'),
	(208, 'coco', 27, 'mozos', 'POST', '/03_ProgramacionIII/TP/Comanda_GALLO/mesas/mod', '2018-11-27 00:55:41'),
	(209, 'coco', 27, 'mozos', 'POST', '/03_ProgramacionIII/TP/Comanda_GALLO/mesas/mod', '2018-11-27 00:56:10'),
	(210, 'coco', 27, 'mozos', 'POST', '/03_ProgramacionIII/TP/Comanda_GALLO/mesas/mod', '2018-11-27 00:56:49'),
	(211, 'coco', 27, 'mozos', 'POST', '/03_ProgramacionIII/TP/Comanda_GALLO/mesas/mod', '2018-11-27 01:00:25'),
	(212, 'coco', 27, 'mozos', 'POST', '/03_ProgramacionIII/TP/Comanda_GALLO/mesas/mod', '2018-11-27 01:00:56'),
	(213, 'coco', 27, 'mozos', 'POST', '/03_ProgramacionIII/TP/Comanda_GALLO/mesas/mod', '2018-11-27 01:01:37'),
	(214, 'coco', 27, 'mozos', 'POST', '/03_ProgramacionIII/TP/Comanda_GALLO/mesas/mod', '2018-11-27 01:02:40'),
	(215, 'coco', 27, 'mozos', 'POST', '/03_ProgramacionIII/TP/Comanda_GALLO/mesas/mod', '2018-11-27 01:03:04'),
	(216, 'coco', 27, 'mozos', 'POST', '/03_ProgramacionIII/TP/Comanda_GALLO/mesas/mod', '2018-11-27 01:03:14'),
	(217, 'coco', 27, 'mozos', 'POST', '/03_ProgramacionIII/TP/Comanda_GALLO/mesas/mod', '2018-11-27 01:11:16'),
	(218, 'coco', 27, 'mozos', 'POST', '/03_ProgramacionIII/TP/Comanda_GALLO/mesas/mod', '2018-11-27 01:14:47'),
	(219, 'coco', 27, 'mozos', 'POST', '/03_ProgramacionIII/TP/Comanda_GALLO/mesas/mod', '2018-11-27 01:16:52'),
	(220, 'coco', 27, 'mozos', 'POST', '/03_ProgramacionIII/TP/Comanda_GALLO/mesas/mod', '2018-11-27 01:17:05'),
	(221, 'coco', 27, 'mozos', 'GET', '/03_ProgramacionIII/TP/Comanda_GALLO/mesas', '2018-11-27 02:30:57'),
	(222, 'coco', 27, 'mozos', 'POST', '/03_ProgramacionIII/TP/Comanda_GALLO/pedidos', '2018-11-27 02:35:23'),
	(223, 'coco', 27, 'mozos', 'POST', '/03_ProgramacionIII/TP/Comanda_GALLO/pedidos', '2018-11-27 02:36:36'),
	(224, 'coco', 27, 'mozos', 'POST', '/03_ProgramacionIII/TP/Comanda_GALLO/pedidos', '2018-11-27 02:36:52'),
	(225, 'coco', 27, 'mozos', 'POST', '/03_ProgramacionIII/TP/Comanda_GALLO/pedidos', '2018-11-27 02:37:20'),
	(226, 'coco', 27, 'mozos', 'POST', '/03_ProgramacionIII/TP/Comanda_GALLO/pedidos', '2018-11-27 02:37:33'),
	(227, 'coco', 27, 'mozos', 'POST', '/03_ProgramacionIII/TP/Comanda_GALLO/pedidos', '2018-11-27 02:37:54'),
	(228, 'coco', 27, 'mozos', 'POST', '/03_ProgramacionIII/TP/Comanda_GALLO/pedidos', '2018-11-27 02:38:21'),
	(229, 'coco', 27, 'mozos', 'POST', '/03_ProgramacionIII/TP/Comanda_GALLO/pedidos', '2018-11-27 02:39:32'),
	(230, 'coco', 27, 'mozos', 'POST', '/03_ProgramacionIII/TP/Comanda_GALLO/pedidos', '2018-11-27 02:39:51'),
	(231, 'coco', 27, 'mozos', 'POST', '/03_ProgramacionIII/TP/Comanda_GALLO/pedidos', '2018-11-27 02:40:06'),
	(232, 'coco', 27, 'mozos', 'POST', '/03_ProgramacionIII/TP/Comanda_GALLO/pedidos', '2018-11-27 02:40:25'),
	(233, 'coco', 27, 'mozos', 'POST', '/03_ProgramacionIII/TP/Comanda_GALLO/pedidos', '2018-11-27 02:40:53'),
	(234, 'coco', 27, 'mozos', 'POST', '/03_ProgramacionIII/TP/Comanda_GALLO/pedidos', '2018-11-27 02:41:10'),
	(235, 'coco', 27, 'mozos', 'POST', '/03_ProgramacionIII/TP/Comanda_GALLO/pedidos', '2018-11-27 02:50:07'),
	(236, 'coco', 27, 'mozos', 'POST', '/03_ProgramacionIII/TP/Comanda_GALLO/pedidos', '2018-11-27 02:53:58'),
	(237, 'coco', 27, 'mozos', 'POST', '/03_ProgramacionIII/TP/Comanda_GALLO/pedidos', '2018-11-27 03:44:24'),
	(238, 'coco', 27, 'mozos', 'POST', '/03_ProgramacionIII/TP/Comanda_GALLO/pedidos', '2018-11-27 03:44:47'),
	(239, 'coco', 27, 'mozos', 'POST', '/03_ProgramacionIII/TP/Comanda_GALLO/pedidos', '2018-11-27 03:45:34'),
	(240, 'coco', 27, 'mozos', 'POST', '/03_ProgramacionIII/TP/Comanda_GALLO/pedidos', '2018-11-27 03:46:38'),
	(241, 'coco', 27, 'mozos', 'POST', '/03_ProgramacionIII/TP/Comanda_GALLO/pedidos', '2018-11-27 03:47:02'),
	(242, 'coco', 27, 'mozos', 'POST', '/03_ProgramacionIII/TP/Comanda_GALLO/pedidos', '2018-11-27 03:47:38'),
	(243, 'coco', 27, 'mozos', 'POST', '/03_ProgramacionIII/TP/Comanda_GALLO/pedidos', '2018-11-27 03:48:33'),
	(244, 'coco', 27, 'mozos', 'POST', '/03_ProgramacionIII/TP/Comanda_GALLO/pedidos', '2018-11-27 03:49:25'),
	(245, 'coco', 27, 'mozos', 'POST', '/03_ProgramacionIII/TP/Comanda_GALLO/pedidos', '2018-11-27 03:49:55'),
	(246, 'coco', 27, 'mozos', 'POST', '/03_ProgramacionIII/TP/Comanda_GALLO/pedidos', '2018-11-27 03:51:17'),
	(247, 'coco', 27, 'mozos', 'POST', '/03_ProgramacionIII/TP/Comanda_GALLO/pedidos', '2018-11-27 03:52:51'),
	(248, 'coco', 27, 'mozos', 'POST', '/03_ProgramacionIII/TP/Comanda_GALLO/pedidos', '2018-11-27 03:54:13'),
	(249, 'coco', 27, 'mozos', 'POST', '/03_ProgramacionIII/TP/Comanda_GALLO/pedidos', '2018-11-27 03:56:08'),
	(250, 'coco', 27, 'mozos', 'POST', '/03_ProgramacionIII/TP/Comanda_GALLO/pedidos', '2018-11-27 03:58:45'),
	(251, 'coco', 27, 'mozos', 'POST', '/03_ProgramacionIII/TP/Comanda_GALLO/pedidos', '2018-11-27 04:00:38'),
	(252, 'coco', 27, 'mozos', 'POST', '/03_ProgramacionIII/TP/Comanda_GALLO/pedidos', '2018-11-27 04:01:36'),
	(253, 'coco', 27, 'mozos', 'POST', '/03_ProgramacionIII/TP/Comanda_GALLO/pedidos', '2018-11-27 04:02:16'),
	(254, 'coco', 27, 'mozos', 'POST', '/03_ProgramacionIII/TP/Comanda_GALLO/pedidos', '2018-11-27 04:02:42'),
	(255, 'coco', 27, 'mozos', 'POST', '/03_ProgramacionIII/TP/Comanda_GALLO/pedidos', '2018-11-27 04:03:03'),
	(256, 'coco', 27, 'mozos', 'POST', '/03_ProgramacionIII/TP/Comanda_GALLO/pedidos', '2018-11-27 04:03:44'),
	(257, 'coco', 27, 'mozos', 'POST', '/03_ProgramacionIII/TP/Comanda_GALLO/pedidos', '2018-11-27 04:05:02'),
	(258, 'coco', 27, 'mozos', 'POST', '/03_ProgramacionIII/TP/Comanda_GALLO/pedidos', '2018-11-27 04:05:46'),
	(259, 'coco', 27, 'mozos', 'POST', '/03_ProgramacionIII/TP/Comanda_GALLO/pedidos', '2018-11-27 04:20:59'),
	(260, 'coco', 27, 'mozos', 'POST', '/03_ProgramacionIII/TP/Comanda_GALLO/pedidos', '2018-11-27 04:22:31'),
	(261, 'coco', 27, 'mozos', 'POST', '/03_ProgramacionIII/TP/Comanda_GALLO/pedidos', '2018-11-27 04:26:27'),
	(262, 'coco', 27, 'mozos', 'POST', '/03_ProgramacionIII/TP/Comanda_GALLO/pedidos', '2018-11-27 04:31:03'),
	(263, 'coco', 27, 'mozos', 'POST', '/03_ProgramacionIII/TP/Comanda_GALLO/pedidos', '2018-11-27 04:35:10'),
	(264, 'coco', 27, 'mozos', 'POST', '/03_ProgramacionIII/TP/Comanda_GALLO/pedidos', '2018-11-27 04:42:03'),
	(265, 'coco', 27, 'mozos', 'POST', '/03_ProgramacionIII/TP/Comanda_GALLO/pedidos', '2018-11-27 04:43:07'),
	(266, 'coco', 27, 'mozos', 'POST', '/03_ProgramacionIII/TP/Comanda_GALLO/pedidos', '2018-11-27 04:46:18'),
	(267, 'coco', 27, 'mozos', 'POST', '/03_ProgramacionIII/TP/Comanda_GALLO/pedidos', '2018-11-27 04:47:11'),
	(268, 'coco', 27, 'mozos', 'POST', '/03_ProgramacionIII/TP/Comanda_GALLO/pedidos', '2018-11-27 04:48:07'),
	(269, 'coco', 27, 'mozos', 'POST', '/03_ProgramacionIII/TP/Comanda_GALLO/pedidos', '2018-11-27 04:50:09'),
	(270, 'coco', 27, 'mozos', 'POST', '/03_ProgramacionIII/TP/Comanda_GALLO/pedidos', '2018-11-27 04:51:08'),
	(271, 'coco', 27, 'mozos', 'POST', '/03_ProgramacionIII/TP/Comanda_GALLO/pedidos', '2018-11-27 04:53:49'),
	(272, 'coco', 27, 'mozos', 'POST', '/03_ProgramacionIII/TP/Comanda_GALLO/pedidos', '2018-11-27 04:54:24'),
	(273, 'coco', 27, 'mozos', 'POST', '/03_ProgramacionIII/TP/Comanda_GALLO/pedidos', '2018-11-27 05:03:16'),
	(274, 'coco', 27, 'mozos', 'POST', '/03_ProgramacionIII/TP/Comanda_GALLO/pedidos', '2018-11-27 05:03:32'),
	(275, 'coco', 27, 'mozos', 'POST', '/03_ProgramacionIII/TP/Comanda_GALLO/pedidos', '2018-11-27 05:05:53'),
	(276, 'coco', 27, 'mozos', 'POST', '/03_ProgramacionIII/TP/Comanda_GALLO/pedidos', '2018-11-27 05:06:02'),
	(277, 'coco', 27, 'mozos', 'POST', '/03_ProgramacionIII/TP/Comanda_GALLO/pedidos', '2018-11-27 05:08:41'),
	(278, 'coco', 27, 'mozos', 'POST', '/03_ProgramacionIII/TP/Comanda_GALLO/pedidos', '2018-11-27 05:08:47'),
	(279, 'coco', 27, 'mozos', 'POST', '/03_ProgramacionIII/TP/Comanda_GALLO/pedidos', '2018-11-27 05:11:43'),
	(280, 'coco', 27, 'mozos', 'POST', '/03_ProgramacionIII/TP/Comanda_GALLO/pedidos', '2018-11-27 05:11:59'),
	(281, 'aye', 28, 'cocineros', 'GET', '/03_ProgramacionIII/TP/Comanda_GALLO/pedidos', '2018-11-27 20:17:33'),
	(282, 'aye', 28, 'cocineros', 'GET', '/03_ProgramacionIII/TP/Comanda_GALLO/pedidos', '2018-11-27 20:22:46'),
	(283, 'aye', 28, 'cocineros', 'GET', '/03_ProgramacionIII/TP/Comanda_GALLO/pedidos', '2018-11-27 20:30:06'),
	(284, 'aye', 28, 'cocineros', 'GET', '/03_ProgramacionIII/TP/Comanda_GALLO/pedidos', '2018-11-27 20:30:25'),
	(285, 'aye', 28, 'cocineros', 'GET', '/03_ProgramacionIII/TP/Comanda_GALLO/pedidos', '2018-11-27 20:31:08'),
	(286, 'aye', 28, 'cocineros', 'GET', '/03_ProgramacionIII/TP/Comanda_GALLO/pedidos', '2018-11-27 20:32:40'),
	(287, 'aye', 28, 'cocineros', 'GET', '/03_ProgramacionIII/TP/Comanda_GALLO/pedidos', '2018-12-03 03:17:10'),
	(288, 'aye', 28, 'cocineros', 'GET', '/03_ProgramacionIII/TP/Comanda_GALLO/pedidos', '2018-12-03 03:17:43'),
	(289, 'admin', 21, 'socios', 'GET', '/03_ProgramacionIII/TP/Comanda_GALLO/mesas', '2018-12-03 03:24:26'),
	(290, 'aye', 28, 'cocineros', 'POST', '/03_ProgramacionIII/TP/Comanda_GALLO/pedidos/atend', '2018-12-03 03:26:18'),
	(291, 'aye', 28, 'cocineros', 'POST', '/03_ProgramacionIII/TP/Comanda_GALLO/pedidos/atend', '2018-12-03 03:26:52'),
	(292, 'aye', 28, 'cocineros', 'POST', '/03_ProgramacionIII/TP/Comanda_GALLO/pedidos/atend', '2018-12-03 03:27:48'),
	(293, 'aye', 28, 'cocineros', 'POST', '/03_ProgramacionIII/TP/Comanda_GALLO/pedidos/atend', '2018-12-03 03:31:04'),
	(294, 'aye', 28, 'cocineros', 'POST', '/03_ProgramacionIII/TP/Comanda_GALLO/pedidos/atend', '2018-12-03 03:36:41'),
	(295, 'aye', 28, 'cocineros', 'POST', '/03_ProgramacionIII/TP/Comanda_GALLO/pedidos/atend', '2018-12-03 03:37:25'),
	(296, 'aye', 28, 'cocineros', 'POST', '/03_ProgramacionIII/TP/Comanda_GALLO/pedidos/atend', '2018-12-03 03:37:54'),
	(297, 'aye', 28, 'cocineros', 'POST', '/03_ProgramacionIII/TP/Comanda_GALLO/pedidos/atend', '2018-12-03 03:54:04'),
	(298, 'aye', 28, 'cocineros', 'POST', '/03_ProgramacionIII/TP/Comanda_GALLO/pedidos/atend', '2018-12-03 03:55:26'),
	(299, 'aye', 28, 'cocineros', 'POST', '/03_ProgramacionIII/TP/Comanda_GALLO/pedidos/atend', '2018-12-03 03:56:03'),
	(300, 'aye', 28, 'cocineros', 'POST', '/03_ProgramacionIII/TP/Comanda_GALLO/pedidos/atend', '2018-12-03 03:57:18'),
	(301, 'aye', 28, 'cocineros', 'POST', '/03_ProgramacionIII/TP/Comanda_GALLO/pedidos/atend', '2018-12-03 03:59:51'),
	(302, 'aye', 28, 'cocineros', 'POST', '/03_ProgramacionIII/TP/Comanda_GALLO/pedidos/atend', '2018-12-03 04:01:01'),
	(303, 'aye', 28, 'cocineros', 'POST', '/03_ProgramacionIII/TP/Comanda_GALLO/pedidos/atend', '2018-12-03 04:02:14'),
	(304, 'aye', 28, 'cocineros', 'POST', '/03_ProgramacionIII/TP/Comanda_GALLO/pedidos/atend', '2018-12-03 04:03:51'),
	(305, 'aye', 28, 'cocineros', 'POST', '/03_ProgramacionIII/TP/Comanda_GALLO/pedidos/atend', '2018-12-03 04:05:00'),
	(306, 'aye', 28, 'cocineros', 'POST', '/03_ProgramacionIII/TP/Comanda_GALLO/pedidos/atend', '2018-12-03 04:05:20'),
	(307, 'aye', 28, 'cocineros', 'POST', '/03_ProgramacionIII/TP/Comanda_GALLO/pedidos/atend', '2018-12-03 04:06:04'),
	(308, 'aye', 28, 'cocineros', 'POST', '/03_ProgramacionIII/TP/Comanda_GALLO/pedidos/atend', '2018-12-03 04:07:51'),
	(309, 'aye', 28, 'cocineros', 'POST', '/03_ProgramacionIII/TP/Comanda_GALLO/pedidos/atend', '2018-12-03 04:08:57'),
	(310, 'aye', 28, 'cocineros', 'POST', '/03_ProgramacionIII/TP/Comanda_GALLO/pedidos/atend', '2018-12-03 04:13:53'),
	(311, 'aye', 28, 'cocineros', 'POST', '/03_ProgramacionIII/TP/Comanda_GALLO/pedidos/atend', '2018-12-03 04:15:01'),
	(312, 'aye', 28, 'cocineros', 'POST', '/03_ProgramacionIII/TP/Comanda_GALLO/pedidos/atend', '2018-12-03 04:15:20'),
	(313, 'aye', 28, 'cocineros', 'POST', '/03_ProgramacionIII/TP/Comanda_GALLO/pedidos/atend', '2018-12-03 04:18:33'),
	(314, 'aye', 28, 'cocineros', 'POST', '/03_ProgramacionIII/TP/Comanda_GALLO/pedidos/atend', '2018-12-03 04:19:00'),
	(315, 'aye', 28, 'cocineros', 'POST', '/03_ProgramacionIII/TP/Comanda_GALLO/pedidos/atend', '2018-12-03 04:20:50'),
	(316, 'aye', 28, 'cocineros', 'POST', '/03_ProgramacionIII/TP/Comanda_GALLO/pedidos/atend', '2018-12-03 04:20:58'),
	(317, 'aye', 28, 'cocineros', 'POST', '/03_ProgramacionIII/TP/Comanda_GALLO/pedidos/atend', '2018-12-03 04:21:33'),
	(318, 'javi', 29, 'bartender', 'GET', '/03_ProgramacionIII/TP/Comanda_GALLO/pedidos', '2018-12-03 22:17:59'),
	(319, 'javi', 29, 'bartender', 'POST', '/03_ProgramacionIII/TP/Comanda_GALLO/pedidos/atend', '2018-12-03 22:19:11'),
	(320, 'javi', 29, 'bartender', 'GET', '/03_ProgramacionIII/TP/Comanda_GALLO/pedidos', '2018-12-03 22:19:44'),
	(321, 'javi', 29, 'bartender', 'POST', '/03_ProgramacionIII/TP/Comanda_GALLO/pedidos/atend', '2018-12-03 22:19:53'),
	(322, 'javi', 29, 'bartender', 'GET', '/03_ProgramacionIII/TP/Comanda_GALLO/pedidos', '2018-12-03 22:20:01'),
	(323, 'carlos', 26, 'cerveceros', 'GET', '/03_ProgramacionIII/TP/Comanda_GALLO/pedidos', '2018-12-03 22:20:30'),
	(324, 'javi', 29, 'bartender', 'POST', '/03_ProgramacionIII/TP/Comanda_GALLO/pedidos/atend', '2018-12-03 22:20:46'),
	(325, 'carlos', 26, 'cerveceros', 'GET', '/03_ProgramacionIII/TP/Comanda_GALLO/pedidos', '2018-12-03 22:20:56'),
	(326, 'aye', 28, 'cocineros', 'POST', '/03_ProgramacionIII/TP/Comanda_GALLO/pedidos/mod', '2018-12-04 02:02:05'),
	(327, 'aye', 28, 'cocineros', 'POST', '/03_ProgramacionIII/TP/Comanda_GALLO/pedidos/mod', '2018-12-04 02:04:24'),
	(328, 'bar2', 34, 'bartender', 'POST', '/03_ProgramacionIII/TP/Comanda_GALLO/pedidos/mod', '2018-12-04 02:05:49'),
	(329, 'bar1', 33, 'bartender', 'POST', '/03_ProgramacionIII/TP/Comanda_GALLO/pedidos/mod', '2018-12-04 02:06:42'),
	(330, 'coco', 27, 'mozos', 'POST', '/03_ProgramacionIII/TP/Comanda_GALLO/pedidos/mod', '2018-12-04 02:07:56'),
	(331, 'coco', 27, 'mozos', 'POST', '/03_ProgramacionIII/TP/Comanda_GALLO/pedidos/mod', '2018-12-04 02:08:44'),
	(332, 'coco', 27, 'mozos', 'POST', '/03_ProgramacionIII/TP/Comanda_GALLO/pedidos/mod', '2018-12-04 02:09:53'),
	(333, 'coco', 27, 'mozos', 'POST', '/03_ProgramacionIII/TP/Comanda_GALLO/pedidos/mod', '2018-12-04 02:10:51'),
	(334, 'coco', 27, 'mozos', 'POST', '/03_ProgramacionIII/TP/Comanda_GALLO/pedidos/mod', '2018-12-04 02:11:46'),
	(335, 'coco', 27, 'mozos', 'POST', '/03_ProgramacionIII/TP/Comanda_GALLO/pedidos/mod', '2018-12-04 02:12:13'),
	(336, 'coco', 27, 'mozos', 'POST', '/03_ProgramacionIII/TP/Comanda_GALLO/pedidos/mod', '2018-12-04 02:12:16'),
	(337, 'coco', 27, 'mozos', 'POST', '/03_ProgramacionIII/TP/Comanda_GALLO/pedidos/mod', '2018-12-04 02:14:51'),
	(338, 'coco', 27, 'mozos', 'POST', '/03_ProgramacionIII/TP/Comanda_GALLO/pedidos/mod', '2018-12-04 02:17:40'),
	(339, 'coco', 27, 'mozos', 'POST', '/03_ProgramacionIII/TP/Comanda_GALLO/pedidos/mod', '2018-12-04 02:18:16'),
	(340, 'coco', 27, 'mozos', 'POST', '/03_ProgramacionIII/TP/Comanda_GALLO/pedidos/mod', '2018-12-04 02:19:17'),
	(341, 'coco', 27, 'mozos', 'POST', '/03_ProgramacionIII/TP/Comanda_GALLO/pedidos/mod', '2018-12-04 02:22:05'),
	(342, 'coco', 27, 'mozos', 'POST', '/03_ProgramacionIII/TP/Comanda_GALLO/pedidos/mod', '2018-12-04 02:22:19'),
	(343, 'coco', 27, 'mozos', 'POST', '/03_ProgramacionIII/TP/Comanda_GALLO/pedidos/mod', '2018-12-04 02:58:57'),
	(344, 'coco', 27, 'mozos', 'POST', '/03_ProgramacionIII/TP/Comanda_GALLO/pedidos/mod', '2018-12-04 03:02:24'),
	(345, 'coco', 27, 'mozos', 'POST', '/03_ProgramacionIII/TP/Comanda_GALLO/pedidos/mod', '2018-12-04 03:04:25'),
	(346, 'coco', 27, 'mozos', 'POST', '/03_ProgramacionIII/TP/Comanda_GALLO/pedidos/mod', '2018-12-04 03:09:26'),
	(347, 'coco', 27, 'mozos', 'POST', '/03_ProgramacionIII/TP/Comanda_GALLO/pedidos/mod', '2018-12-04 03:12:18'),
	(348, 'coco', 27, 'mozos', 'POST', '/03_ProgramacionIII/TP/Comanda_GALLO/mesas/mod', '2018-12-04 03:20:20'),
	(349, 'coco', 27, 'mozos', 'POST', '/03_ProgramacionIII/TP/Comanda_GALLO/mesas/mod', '2018-12-04 03:24:10'),
	(350, 'coco', 27, 'mozos', 'POST', '/03_ProgramacionIII/TP/Comanda_GALLO/pedidos/mod', '2018-12-04 03:27:59'),
	(351, 'coco', 27, 'mozos', 'POST', '/03_ProgramacionIII/TP/Comanda_GALLO/pedidos/mod', '2018-12-04 03:30:15'),
	(352, 'coco', 27, 'mozos', 'POST', '/03_ProgramacionIII/TP/Comanda_GALLO/pedidos/mod', '2018-12-04 03:30:47'),
	(353, 'coco', 27, 'mozos', 'POST', '/03_ProgramacionIII/TP/Comanda_GALLO/pedidos/mod', '2018-12-04 03:33:31'),
	(354, 'coco', 27, 'mozos', 'POST', '/03_ProgramacionIII/TP/Comanda_GALLO/pedidos/mod', '2018-12-04 03:34:37'),
	(355, 'coco', 27, 'mozos', 'POST', '/03_ProgramacionIII/TP/Comanda_GALLO/pedidos/mod', '2018-12-04 06:36:53'),
	(356, 'coco', 27, 'mozos', 'POST', '/03_ProgramacionIII/TP/Comanda_GALLO/pedidos/mod', '2018-12-04 06:48:58'),
	(357, 'coco', 27, 'mozos', 'POST', '/03_ProgramacionIII/TP/Comanda_GALLO/pedidos/mod', '2018-12-04 06:50:26'),
	(358, 'coco', 27, 'mozos', 'POST', '/03_ProgramacionIII/TP/Comanda_GALLO/pedidos/mod', '2018-12-04 06:52:06'),
	(359, 'admin', 21, 'socios', 'GET', '/03_ProgramacionIII/TP/Comanda_GALLO/mesas', '2018-12-04 06:52:46'),
	(360, 'coco', 27, 'mozos', 'POST', '/03_ProgramacionIII/TP/Comanda_GALLO/mesas/mod', '2018-12-04 07:04:15'),
	(361, 'coco', 27, 'mozos', 'POST', '/03_ProgramacionIII/TP/Comanda_GALLO/mesas/mod', '2018-12-04 07:05:53'),
	(362, 'admin', 21, 'socios', 'POST', '/03_ProgramacionIII/TP/Comanda_GALLO/mesas/mod', '2018-12-04 07:06:15'),
	(363, 'admin', 21, 'socios', 'GET', '/03_ProgramacionIII/TP/Comanda_GALLO/empleados', '2018-12-04 07:12:24'),
	(364, 'admin', 21, 'socios', 'POST', '/03_ProgramacionIII/TP/Comanda_GALLO/login/emplead', '2018-12-04 07:13:19'),
	(365, 'admin', 21, 'socios', 'POST', '/03_ProgramacionIII/TP/Comanda_GALLO/login/sector', '2018-12-04 07:13:35'),
	(366, 'admin', 21, 'socios', 'GET', '/03_ProgramacionIII/TP/Comanda_GALLO/login/admin', '2018-12-04 07:13:51'),
	(367, 'admin', 21, 'socios', 'GET', '/03_ProgramacionIII/TP/Comanda_GALLO/pedidos', '2018-12-04 07:17:30'),
	(368, 'aye', 28, 'cocineros', 'GET', '/03_ProgramacionIII/TP/Comanda_GALLO/pedidos', '2018-12-04 07:18:33'),
	(369, 'aye', 28, 'cocineros', 'GET', '/03_ProgramacionIII/TP/Comanda_GALLO/pedidos', '2018-12-04 07:22:06'),
	(370, 'aye', 28, 'cocineros', 'GET', '/03_ProgramacionIII/TP/Comanda_GALLO/pedidos', '2018-12-04 07:24:24'),
	(371, 'aye', 28, 'cocineros', 'GET', '/03_ProgramacionIII/TP/Comanda_GALLO/pedidos', '2018-12-04 07:24:50'),
	(372, 'admin', 21, 'socios', 'GET', '/03_ProgramacionIII/TP/Comanda_GALLO/pedidos', '2018-12-04 07:39:25'),
	(373, 'admin', 21, 'socios', 'GET', '/03_ProgramacionIII/TP/Comanda_GALLO/pedidos', '2018-12-04 07:40:03'),
	(374, 'admin', 21, 'socios', 'GET', '/03_ProgramacionIII/TP/Comanda_GALLO/pedidos', '2018-12-04 07:40:42'),
	(375, 'admin', 21, 'socios', 'POST', '/03_ProgramacionIII/TP/Comanda_GALLO/pedidos/factu', '2018-12-04 08:11:14'),
	(376, 'admin', 21, 'socios', 'POST', '/03_ProgramacionIII/TP/Comanda_GALLO/pedidos/factu', '2018-12-04 08:12:41'),
	(377, 'admin', 21, 'socios', 'POST', '/03_ProgramacionIII/TP/Comanda_GALLO/pedidos/factu', '2018-12-04 08:13:58'),
	(378, 'admin', 21, 'socios', 'POST', '/03_ProgramacionIII/TP/Comanda_GALLO/pedidos/factu', '2018-12-04 08:14:59'),
	(379, 'admin', 21, 'socios', 'POST', '/03_ProgramacionIII/TP/Comanda_GALLO/pedidos/factu', '2018-12-04 08:16:35'),
	(380, 'admin', 21, 'socios', 'POST', '/03_ProgramacionIII/TP/Comanda_GALLO/pedidos/factu', '2018-12-04 08:16:51');
/*!40000 ALTER TABLE `login` ENABLE KEYS */;

-- Dumping structure for table tp_prog3_gallo.mesas
CREATE TABLE IF NOT EXISTS `mesas` (
  `id` int(11) NOT NULL AUTO_INCREMENT,
  `codigo` varchar(30) COLLATE utf8_spanish2_ci NOT NULL,
  `estado` varchar(50) COLLATE utf8_spanish2_ci NOT NULL,
  PRIMARY KEY (`codigo`),
  KEY `id` (`id`)
) ENGINE=InnoDB AUTO_INCREMENT=11 DEFAULT CHARSET=utf8 COLLATE=utf8_spanish2_ci;

-- Dumping data for table tp_prog3_gallo.mesas: ~6 rows (approximately)
/*!40000 ALTER TABLE `mesas` DISABLE KEYS */;
INSERT INTO `mesas` (`id`, `codigo`, `estado`) VALUES
	(4, 'mesa2', 'cerrada'),
	(6, 'mesa3', 'cerrada'),
	(7, 'mesa4', 'con cliente esperando pedido'),
	(8, 'mesa5', 'con cliente esperando pedido'),
	(10, 'mesa6', 'con cliente esperando pedido');
/*!40000 ALTER TABLE `mesas` ENABLE KEYS */;

-- Dumping structure for table tp_prog3_gallo.pedidos
CREATE TABLE IF NOT EXISTS `pedidos` (
  `id` int(11) NOT NULL AUTO_INCREMENT,
  `codigo` varchar(50) COLLATE utf8_spanish2_ci NOT NULL,
  `idMesa` int(11) NOT NULL,
  `idArticulo` int(11) NOT NULL,
  `idEmpleado` int(11) DEFAULT NULL,
  `cliente` varchar(50) COLLATE utf8_spanish2_ci NOT NULL,
  `cantidad` int(11) NOT NULL,
  `importe` float NOT NULL,
  `foto` varchar(50) COLLATE utf8_spanish2_ci DEFAULT NULL,
  `estado` varchar(50) COLLATE utf8_spanish2_ci NOT NULL,
  `estimado` int(11) DEFAULT NULL,
  `horaInicio` datetime DEFAULT NULL,
  `horaFin` datetime DEFAULT NULL,
  PRIMARY KEY (`codigo`,`idMesa`,`idArticulo`),
  KEY `id` (`id`)
) ENGINE=InnoDB AUTO_INCREMENT=65 DEFAULT CHARSET=utf8 COLLATE=utf8_spanish2_ci;

-- Dumping data for table tp_prog3_gallo.pedidos: ~14 rows (approximately)
/*!40000 ALTER TABLE `pedidos` DISABLE KEYS */;
INSERT INTO `pedidos` (`id`, `codigo`, `idMesa`, `idArticulo`, `idEmpleado`, `cliente`, `cantidad`, `importe`, `foto`, `estado`, `estimado`, `horaInicio`, `horaFin`) VALUES
	(47, '3H11K', 6, 100, 28, 'Alejandro Gallo', 5, 250, './fotos/6_3H11K.png', 'entregado', 15, '2018-12-03 22:26:16', '2018-12-04 06:04:24'),
	(48, '3H11K', 6, 200, 34, 'Alejandro Gallo', 2, 300, './fotos/6_3H11K.png', 'entregado', 10, '2018-12-03 22:26:16', '2018-12-04 06:05:49'),
	(46, '3H11K', 6, 203, 33, 'Alejandro Gallo', 2, 70, './fotos/6_3H11K.png', 'entregado', 10, '2018-12-03 22:26:16', '2018-12-04 06:06:42'),
	(45, '3H11K', 6, 303, 29, 'Alejandro Gallo', 3, 80, './fotos/6_3H11K.png', 'entregado', 8, '2018-12-03 22:26:16', '2018-12-04 02:59:24'),
	(55, '5Q0S7', 7, 100, NULL, 'Alejandro Gallo', 5, 250, '', 'pendiente', NULL, '2018-11-27 09:06:02', NULL),
	(56, '5Q0S7', 7, 200, NULL, 'Alejandro Gallo', 2, 300, '', 'pendiente', NULL, '2018-11-27 09:06:02', NULL),
	(54, '5Q0S7', 7, 203, NULL, 'Alejandro Gallo', 2, 70, '', 'pendiente', NULL, '2018-11-27 09:06:02', NULL),
	(53, '5Q0S7', 7, 303, NULL, 'Alejandro Gallo', 3, 80, '', 'pendiente', NULL, '2018-11-27 09:06:02', NULL),
	(59, 'KDH5V', 8, 100, NULL, 'Alejandro Gallo', 5, 250, '', 'pendiente', NULL, '2018-11-27 09:08:47', NULL),
	(60, 'KDH5V', 8, 200, NULL, 'Alejandro Gallo', 2, 300, '', 'pendiente', NULL, '2018-11-27 09:08:47', NULL),
	(58, 'KDH5V', 8, 203, NULL, 'Alejandro Gallo', 2, 70, '', 'pendiente', NULL, '2018-11-27 09:08:47', NULL),
	(57, 'KDH5V', 8, 303, NULL, 'Alejandro Gallo', 3, 80, '', 'pendiente', NULL, '2018-11-27 09:08:47', NULL),
	(63, 'KDHJO', 10, 100, NULL, 'Alejandro Gallo', 5, 250, './fotos/10_KDHJO.png', 'pendiente', NULL, '2018-11-27 09:11:59', NULL),
	(64, 'KDHJO', 10, 200, NULL, 'Alejandro Gallo', 2, 300, './fotos/10_KDHJO.png', 'pendiente', NULL, '2018-11-27 09:11:59', NULL),
	(62, 'KDHJO', 10, 203, NULL, 'Alejandro Gallo', 2, 70, './fotos/10_KDHJO.png', 'pendiente', NULL, '2018-11-27 09:11:59', NULL),
	(61, 'KDHJO', 10, 303, NULL, 'Alejandro Gallo', 3, 80, './fotos/10_KDHJO.png', 'pendiente', NULL, '2018-11-27 09:11:59', NULL);
/*!40000 ALTER TABLE `pedidos` ENABLE KEYS */;

/*!40101 SET SQL_MODE=IFNULL(@OLD_SQL_MODE, '') */;
/*!40014 SET FOREIGN_KEY_CHECKS=IF(@OLD_FOREIGN_KEY_CHECKS IS NULL, 1, @OLD_FOREIGN_KEY_CHECKS) */;
/*!40101 SET CHARACTER_SET_CLIENT=@OLD_CHARACTER_SET_CLIENT */;
